name,nature,menu_parent,variant_matric,value,,price,image,description,meta_description,meta_keyword _ __,view,active,video,how2fix,Tools
iPhone Diagnostic Service,tool and task,iPhone,Parts Type,Hyderabad,,0,Mobile/iPhone/5_screen.jpg,Turn in your Iphone of any model to our technician. We will fix it at your doorstep or deliver it to you fixed within 24 hours,Repair your iPhone at your doorstep with EverTask.in,,,,,,
iPhone Water Damage ,tool and task,iPhone,Parts Type,Hyderabad,,0,Mobile/iPhone/5_battery.jpg,Turn in your Iphone of any model to our technician. We will fix it at your doorstep or deliver it to you fixed within 24 hours,Repair your iPhone at your doorstep with EverTask.in,,,,,,
iPhone Screen Damage,tool and task,iPhone,Parts Type,Hyderabad,,0,Mobile/iPhone/5_screen.jpg,Turn in your Iphone of any model to our technician. We will fix it at your doorstep or deliver it to you fixed within 24 hours,Repair your iPhone at your doorstep with EverTask.in,,,,,,
iPhone Charging Port Damage,tool and task,iPhone,Parts Type,Hyderabad,,0,Mobile/iPhone/5_chargingportjack.jpg,Turn in your Iphone of any model to our technician. We will fix it at your doorstep or deliver it to you fixed within 24 hours,Repair your iPhone at your doorstep with EverTask.in,,,,,,
iPhone Home Button ,tool and task,iPhone,Parts Type,Hyderabad,,0,Mobile/iPhone/5_HomeButton.jpg,Turn in your Iphone of any model to our technician. We will fix it at your doorstep or deliver it to you fixed within 24 hours,Repair your iPhone at your doorstep with EverTask.in,,,,,,
Samsung Diagnostic Service,tool and task,Samsung,Parts Type,Hyderabad,,0,Mobile/Samsung/s3_Touch.jpg,Turn in your Samsung Mobile of any model to our technician. We will fix it at your doorstep or deliver it to you fixed within 24 hours,Repair your Samsung Mobile at your doorstep with EverTask.in,,,,,,
Samsung Water Damage ,tool and task,Samsung,Parts Type,Hyderabad,,0,Mobile/Samsung/s3_Touch.jpg,Turn in your Samsung Mobile of any model to our technician. We will fix it at your doorstep or deliver it to you fixed within 24 hours,Repair your Samsung Mobile at your doorstep with EverTask.in,,,,,,
Samsung Screen Damage,tool and task,Samsung,Parts Type,Hyderabad,,0,Mobile/Samsung/s3_Touch.jpg,Turn in your Samsung Mobile of any model to our technician. We will fix it at your doorstep or deliver it to you fixed within 24 hours,Repair your Samsung Mobile at your doorstep with EverTask.in,,,,,,
Samsung Charging Port Damage,tool and task,Samsung,Parts Type,Hyderabad,,0,Mobile/Samsung/s3_headphone_jack.jpg,Turn in your Samsung Mobile of any model to our technician. We will fix it at your doorstep or deliver it to you fixed within 24 hours,Repair your Samsung Mobile at your doorstep with EverTask.in,,,,,,
Samsung Power Button ,tool and task,Samsung,Parts Type,Hyderabad,,0,Mobile/Samsung/s3_earepicespeaker.jpg,Turn in your Samsung Mobile of any model to our technician. We will fix it at your doorstep or deliver it to you fixed within 24 hours,Repair your Samsung Mobile at your doorstep with EverTask.in,,,,,,
Nokia Diagnostic Service,tool and task,Nokia,Parts Type,Hyderabad,,0,Mobile/Nokia/back-case.jpg,Turn in your Nokia Mobile of any model to our technician. We will fix it at your doorstep or deliver it to you fixed within 24 hours,Repair your Nokia Mobile at your doorstep with EverTask.in,,,,,,
Nokia Water Damage ,tool and task,Nokia,Parts Type,Hyderabad,,0,Mobile/Nokia/Battery.jpg,Turn in your Nokia Mobile of any model to our technician. We will fix it at your doorstep or deliver it to you fixed within 24 hours,Repair your Nokia Mobile at your doorstep with EverTask.in,,,,,,
Nokia Screen Damage,tool and task,Nokia,Parts Type,Hyderabad,,0,Mobile/Nokia/Front_Cover_LCD.jpg,Turn in your Nokia Mobile of any model to our technician. We will fix it at your doorstep or deliver it to you fixed within 24 hours,Repair your Nokia Mobile at your doorstep with EverTask.in,,,,,,
Nokia Charging Port Damage,tool and task,Nokia,Parts Type,Hyderabad,,0,Mobile/Nokia/micro-usb-microphone.jpg,Turn in your Nokia Mobile of any model to our technician. We will fix it at your doorstep or deliver it to you fixed within 24 hours,Repair your Nokia Mobile at your doorstep with EverTask.in,,,,,,
